"Gene","GeneID","padj_1","p_value_1","lfcSE","stat","log2FC_1","baseMean","Description","Gene.y","padj_2","p_value_2","t","B","log2FC_2","SPOT_ID","GB_ACC","SEQUENCE","Regulation"
"ACKR3",57007,NA,0.00154,0.396,3.1675559,1.2552586,56,"atypical chemokine receptor 3",7429,0.466,0.321,-1.007867,-6.325552,-0.1889618,"A_23_P131676","NM_020311","ATCTGTGTGGTGTTTTGTACCGGCACGGGATATGGAACGAAAACTGCTTTGTAATGCAGT","Upregulated"
"ADAM7",8756,NA,0.297,1.109,1.0433842,1.1568165,17.18,"ADAM metallopeptidase domain 7",8831,0.703,0.577,0.563201,-6.674269,0.1965824,"A_23_P94296","NM_003817","CCATCTTGGTTGTTGTGCTTGTCCTGGTTATTGTCGGTATCGGAGTTCTTATACTATTAG","Upregulated"
"ADM",133,NA,0.0429,0.665,2.0246819,1.3461005,27.09,"adrenomedullin",35337,0.265,0.15,-1.473956,-5.763869,-0.632117,"A_23_P127948","NM_001124","GTGTAAAGTTGTTCGCCGCGTGGAATGTGAGTGTGTTTGTGTGCATGAAAGAGAAAGACT","Upregulated"
"ADM",133,NA,0.0429,0.665,2.0246819,1.3461005,27.09,"adrenomedullin",14927,0.39,0.251,-1.168367,-6.153927,-0.4701245,"A_23_P127948","NM_001124","GTGTAAAGTTGTTCGCCGCGTGGAATGTGAGTGTGTTTGTGTGCATGAAAGAGAAAGACT","Upregulated"
"ADM",133,NA,0.0429,0.665,2.0246819,1.3461005,27.09,"adrenomedullin",37183,0.313,0.187,-1.34877,-5.933434,-0.5466233,"A_23_P127948","NM_001124","GTGTAAAGTTGTTCGCCGCGTGGAATGTGAGTGTGTTTGTGTGCATGAAAGAGAAAGACT","Upregulated"
"ADM",133,NA,0.0429,0.665,2.0246819,1.3461005,27.09,"adrenomedullin",35931,0.301,0.177,-1.378667,-5.894151,-0.5541167,"A_23_P127948","NM_001124","GTGTAAAGTTGTTCGCCGCGTGGAATGTGAGTGTGTTTGTGTGCATGAAAGAGAAAGACT","Upregulated"
"ADM",133,NA,0.0429,0.665,2.0246819,1.3461005,27.09,"adrenomedullin",17433,0.383,0.246,-1.182464,-6.137734,-0.4799528,"A_23_P127948","NM_001124","GTGTAAAGTTGTTCGCCGCGTGGAATGTGAGTGTGTTTGTGTGCATGAAAGAGAAAGACT","Upregulated"
"ADM",133,NA,0.0429,0.665,2.0246819,1.3461005,27.09,"adrenomedullin",8371,0.336,0.206,-1.291242,-6.006851,-0.5254753,"A_23_P127948","NM_001124","GTGTAAAGTTGTTCGCCGCGTGGAATGTGAGTGTGTTTGTGTGCATGAAAGAGAAAGACT","Upregulated"
"ADM",133,NA,0.0429,0.665,2.0246819,1.3461005,27.09,"adrenomedullin",18064,0.403,0.263,-1.139113,-6.186956,-0.463345,"A_23_P127948","NM_001124","GTGTAAAGTTGTTCGCCGCGTGGAATGTGAGTGTGTTTGTGTGCATGAAAGAGAAAGACT","Upregulated"
"ADM",133,NA,0.0429,0.665,2.0246819,1.3461005,27.09,"adrenomedullin",25603,0.336,0.206,-1.290226,-6.008121,-0.5235639,"A_23_P127948","NM_001124","GTGTAAAGTTGTTCGCCGCGTGGAATGTGAGTGTGTTTGTGTGCATGAAAGAGAAAGACT","Upregulated"
"ADM",133,NA,0.0429,0.665,2.0246819,1.3461005,27.09,"adrenomedullin",48805,0.175,0.0869,-1.764649,-5.320444,-0.7128783,"A_23_P127948","NM_001124","GTGTAAAGTTGTTCGCCGCGTGGAATGTGAGTGTGTTTGTGTGCATGAAAGAGAAAGACT","Upregulated"
"ADM",133,NA,0.0429,0.665,2.0246819,1.3461005,27.09,"adrenomedullin",29646,0.309,0.184,-1.357845,-5.921591,-0.5643893,"A_23_P127948","NM_001124","GTGTAAAGTTGTTCGCCGCGTGGAATGTGAGTGTGTTTGTGTGCATGAAAGAGAAAGACT","Upregulated"
"ALKAL2",285016,NA,0.16,0.857,1.4054982,1.2049729,15.11,"ALK and LTK ligand 2",20393,0.000804,0.000103,4.416789,0.93873,1.9703955,"A_24_P561341","NM_001002919","GTTGACAGTTTGCAGATATATATTCGATAAATCAGTGTACTTGACAGTGTTATCTGTCAC","Upregulated"
"ALKAL2",285016,NA,0.16,0.857,1.4054982,1.2049729,15.11,"ALK and LTK ligand 2",27136,0.000365,3.83e-05,4.756351,1.898145,1.4099232,"A_33_P3320197","NM_001002919","GACTCTTCCATAAGTCCTTTGAGTTTTGTATGTTGTTGACAGTTTGCAGATATATATTCG","Upregulated"
"ANGPTL1",9068,NA,0.0127,0.55,2.4933477,1.3702714,36.88,"angiopoietin like 1",60341,0.89,0.827,-0.220417,-6.810334,-0.0479296,"A_23_P126706","NM_004673","AGGCGGGTCATACTCCTTAAGAGCAGTTCAGATGATGATCAAGCCTATTGACTGAAGAGA","Upregulated"
"ANGPTL1",9068,NA,0.0127,0.55,2.4933477,1.3702714,36.88,"angiopoietin like 1",52787,0.911,0.859,-0.178998,-6.818751,-0.0505704,"A_24_P199484","NM_004673","TTCCTGGAAGGAACTGGGCATCTAACTGTTACACCAAATCTTAAGTGAATAAAACTTTAC","Upregulated"
"ASB15",142685,NA,0.185,1.02,1.3255344,1.3522887,20.08,"ankyrin repeat and SOCS box containing 15",58116,0.129,0.0585,-1.959985,-4.985748,-0.5842536,"A_33_P3290139","NM_080928","TGGCCTCATGAACATTTGAACACAAAGACACCTCAAATTCAACATGTCCCCAGATGAACT","Upregulated"
"BAALC-AS1",100499183,NA,0.00771,0.445,2.6645135,1.18564,57.76,"BAALC antisense RNA 1",49720,0.856,0.778,-0.284095,-6.794001,-0.1128132,"A_33_P3396349","AK125733","AAGAAATAACCTTGATGAAACAAATTTTCCCCAGAGGAAGGGGAGAGCCCACAGTGAGCT","Upregulated"
"BAALC-AS1",100499183,NA,0.00771,0.445,2.6645135,1.18564,57.76,"BAALC antisense RNA 1",18010,0.883,0.817,0.233702,-6.807266,0.153027,"A_33_P3278205","NR_034092","ATACTTAGACCTGGGACAACTGAAAGGAGTTGCACTTATACAATTCGGTGCAGTGGAGTC","Upregulated"
"BAG3",9531,NA,0.000305,0.371,3.6107006,1.3398562,196.47,"BAG cochaperone 3",8159,0.00311,0.000552,-3.827023,-0.681634,-0.9620365,"A_23_P47077","NM_004281","ACTTTGAAGGCAAGAAGACTGACAAAAAGTACCTGATGATCGAAGAGTATTTGACCAAAG","Upregulated"
"C10orf105",414152,NA,0.0233,0.51,2.2683486,1.1573458,98.19,"chromosome 10 open reading frame 105",32362,2.94e-07,3.77e-09,-7.950128,10.948638,-1.6058882,"A_33_P3322999","NM_001164375","CCAGAGACACCAGATCTTCTGATTTCTCATGAGAAATTGAACATCTGAGCTTTTAAATAA","Upregulated"
"CAV2",858,NA,0.000133,0.51,3.8206709,1.9483095,52.1,"caveolin 2",15509,0.887,0.823,0.22559,-6.809161,0.0536361,"A_23_P123071","NM_001233","CTCTTTGAAATCAGCAAATACGTAATGTACAAGTTCCTGACGGTGTTCCTGGCCATTCCC","Upregulated"
"CAV2",858,NA,0.000133,0.51,3.8206709,1.9483095,52.1,"caveolin 2",54883,0.031,0.00954,-2.75335,-3.365318,-0.4051075,"A_23_P123071","NM_001233","CTCTTTGAAATCAGCAAATACGTAATGTACAAGTTCCTGACGGTGTTCCTGGCCATTCCC","Upregulated"
"CAV2",858,NA,0.000133,0.51,3.8206709,1.9483095,52.1,"caveolin 2",6929,0.849,0.769,0.296734,-6.790272,0.0788572,"A_23_P123071","NM_001233","CTCTTTGAAATCAGCAAATACGTAATGTACAAGTTCCTGACGGTGTTCCTGGCCATTCCC","Upregulated"
"CAV2",858,NA,0.000133,0.51,3.8206709,1.9483095,52.1,"caveolin 2",3688,0.928,0.885,0.145341,-6.824307,0.0327313,"A_23_P123071","NM_001233","CTCTTTGAAATCAGCAAATACGTAATGTACAAGTTCCTGACGGTGTTCCTGGCCATTCCC","Upregulated"
"CAV2",858,NA,0.000133,0.51,3.8206709,1.9483095,52.1,"caveolin 2",42974,0.112,0.0486,-2.048114,-4.825674,-0.3664108,"A_23_P123071","NM_001233","CTCTTTGAAATCAGCAAATACGTAATGTACAAGTTCCTGACGGTGTTCCTGGCCATTCCC","Upregulated"
"CAV2",858,NA,0.000133,0.51,3.8206709,1.9483095,52.1,"caveolin 2",14171,0.414,0.273,-1.11559,-6.212954,-0.25496,"A_23_P123071","NM_001233","CTCTTTGAAATCAGCAAATACGTAATGTACAAGTTCCTGACGGTGTTCCTGGCCATTCCC","Upregulated"
"CAV2",858,NA,0.000133,0.51,3.8206709,1.9483095,52.1,"caveolin 2",40616,0.936,0.897,-0.131079,-6.826314,-0.0305795,"A_23_P123071","NM_001233","CTCTTTGAAATCAGCAAATACGTAATGTACAAGTTCCTGACGGTGTTCCTGGCCATTCCC","Upregulated"
"CAV2",858,NA,0.000133,0.51,3.8206709,1.9483095,52.1,"caveolin 2",60655,0.411,0.27,-1.121477,-6.206495,-0.2308473,"A_23_P123071","NM_001233","CTCTTTGAAATCAGCAAATACGTAATGTACAAGTTCCTGACGGTGTTCCTGGCCATTCCC","Upregulated"
"CAV2",858,NA,0.000133,0.51,3.8206709,1.9483095,52.1,"caveolin 2",57392,0.605,0.463,0.742044,-6.556926,0.1920863,"A_24_P925040","NM_001233","ATTTGATTAATAAAATATCTATTTGAATAAATTATGAGCTATCCTTTCAAACAGCTATTG","Upregulated"
"CAV2",858,NA,0.000133,0.51,3.8206709,1.9483095,52.1,"caveolin 2",3374,0.797,0.697,-0.392212,-6.756888,-0.0791144,"A_23_P123071","NM_001233","CTCTTTGAAATCAGCAAATACGTAATGTACAAGTTCCTGACGGTGTTCCTGGCCATTCCC","Upregulated"
"CAV2",858,NA,0.000133,0.51,3.8206709,1.9483095,52.1,"caveolin 2",53258,0.286,0.166,-1.416931,-5.842758,-0.2914196,"A_23_P123071","NM_001233","CTCTTTGAAATCAGCAAATACGTAATGTACAAGTTCCTGACGGTGTTCCTGGCCATTCCC","Upregulated"
"CCDC162P",221262,NA,0.109,0.707,1.6034242,1.1343253,49.84,"coiled-coil domain containing 162, pseudogene",30856,0.163,0.0791,1.812463,-5.24115,0.5771368,"A_21_P0000573","NR_028595","ATCCTCCTACTCTCACCCACGATGAATAATGTGTGAGATAAGCAGGGTGTTTGATTTTGA","Upregulated"
"CCDC190",339512,NA,0.0866,0.733,1.7136178,1.2557785,33.36,"coiled-coil domain containing 190",37701,0.268,0.152,1.46607,-5.774941,0.3787698,"A_24_P6370","NM_178550","TGCTGGCAAAACGGCATAGCTATTCTCTCTGTTTTAGTTTGATATATAGTAGTGGTAGGA","Upregulated"
"CCDC190",339512,NA,0.0866,0.733,1.7136178,1.2557785,33.36,"coiled-coil domain containing 190",25792,0.378,0.241,-1.193843,-6.124536,-0.3917951,"A_33_P3250830","AK123573","CTTTCTTCCATGAAGCAAAGCAACAGAGGAAGGCAGGCCATAAGTGACAGAACTGATTGA","Upregulated"
"CCL2",6347,NA,0.0167,0.712,2.3924828,1.704387,39.11,"C-C motif chemokine ligand 2",4979,7.03e-08,5.69e-10,-8.647695,12.806664,-2.9148983,"A_23_P89431","NM_002982","GAAATTGCTTTTCCTCTTGAACCACAGTTCTACCCCTGGGATGTTTTGAGGGTCTTTGCA","Upregulated"
"CCL2",6347,NA,0.0167,0.712,2.3924828,1.704387,39.11,"C-C motif chemokine ligand 2",60858,1.64e-08,8.02e-11,-9.39495,14.725201,-3.0203089,"A_23_P89431","NM_002982","GAAATTGCTTTTCCTCTTGAACCACAGTTCTACCCCTGGGATGTTTTGAGGGTCTTTGCA","Upregulated"
"CCL2",6347,NA,0.0167,0.712,2.3924828,1.704387,39.11,"C-C motif chemokine ligand 2",54763,8.59e-09,3.51e-11,-9.718869,15.532942,-3.0464151,"A_23_P89431","NM_002982","GAAATTGCTTTTCCTCTTGAACCACAGTTCTACCCCTGGGATGTTTTGAGGGTCTTTGCA","Upregulated"
"CCL2",6347,NA,0.0167,0.712,2.3924828,1.704387,39.11,"C-C motif chemokine ligand 2",38064,1.82e-08,9.42e-11,-9.332807,14.568574,-3.0363818,"A_23_P89431","NM_002982","GAAATTGCTTTTCCTCTTGAACCACAGTTCTACCCCTGGGATGTTTTGAGGGTCTTTGCA","Upregulated"
"CCL2",6347,NA,0.0167,0.712,2.3924828,1.704387,39.11,"C-C motif chemokine ligand 2",46776,1.36e-08,6.34e-11,-9.486927,14.956043,-3.0897809,"A_23_P89431","NM_002982","GAAATTGCTTTTCCTCTTGAACCACAGTTCTACCCCTGGGATGTTTTGAGGGTCTTTGCA","Upregulated"
"CCL2",6347,NA,0.0167,0.712,2.3924828,1.704387,39.11,"C-C motif chemokine ligand 2",15820,3.47e-08,2.28e-10,-8.993256,13.703349,-2.9735078,"A_23_P89431","NM_002982","GAAATTGCTTTTCCTCTTGAACCACAGTTCTACCCCTGGGATGTTTTGAGGGTCTTTGCA","Upregulated"
"CCL2",6347,NA,0.0167,0.712,2.3924828,1.704387,39.11,"C-C motif chemokine ligand 2",524,2.88e-08,1.77e-10,-9.08874,13.948257,-2.9244601,"A_23_P89431","NM_002982","GAAATTGCTTTTCCTCTTGAACCACAGTTCTACCCCTGGGATGTTTTGAGGGTCTTTGCA","Upregulated"
"CCL2",6347,NA,0.0167,0.712,2.3924828,1.704387,39.11,"C-C motif chemokine ligand 2",2940,1.98e-08,1.06e-10,-9.286366,14.451174,-2.9540193,"A_23_P89431","NM_002982","GAAATTGCTTTTCCTCTTGAACCACAGTTCTACCCCTGGGATGTTTTGAGGGTCTTTGCA","Upregulated"
"CCL2",6347,NA,0.0167,0.712,2.3924828,1.704387,39.11,"C-C motif chemokine ligand 2",34086,2.49e-08,1.44e-10,-9.168606,14.152147,-2.9539967,"A_23_P89431","NM_002982","GAAATTGCTTTTCCTCTTGAACCACAGTTCTACCCCTGGGATGTTTTGAGGGTCTTTGCA","Upregulated"
"CCL2",6347,NA,0.0167,0.712,2.3924828,1.704387,39.11,"C-C motif chemokine ligand 2",457,6.16e-08,4.77e-10,-8.713295,12.978127,-2.8095471,"A_23_P89431","NM_002982","GAAATTGCTTTTCCTCTTGAACCACAGTTCTACCCCTGGGATGTTTTGAGGGTCTTTGCA","Upregulated"
"CD93",22918,NA,0.016,0.46,2.4080287,1.1079435,113.21,"CD93 molecule",28355,0.0152,0.0039,-3.105133,-2.536114,-1.2014861,"A_32_P56001","NM_012072","TTCACTAATCAAAGACACTATTTTCATACTAGATTCCTGAGACAAATACTCACTGAAGGG","Upregulated"
"CHCHD1",118487,NA,0.0167,0.506,2.3930745,1.2120514,28.83,"coiled-coil-helix-coiled-coil-helix domain containing 1",4272,0.0043,0.000823,3.683599,-1.063468,0.4702778,"A_23_P371613","NM_203298","ACAAACCTTACCTCAGCTGAAAATGGACAAGTATTTTCAATGACTGAAATATAGCTTCTG","Upregulated"
"CNPY1",285888,NA,0.118,0.706,1.5627336,1.102896,29.51,"canopy FGF signaling regulator 1",14148,0.108,0.0465,-2.068949,-4.787034,-0.3558726,"A_33_P3220347","NM_001103176","TAGAAATTAAGAAAATGTGGGCTCCTGTTTGTAACTAAACGGACGTGGGGAGGTGCACCT","Upregulated"
"CNPY1",285888,NA,0.118,0.706,1.5627336,1.102896,29.51,"canopy FGF signaling regulator 1",58353,0.895,0.834,0.211761,-6.812237,0.0746285,"A_33_P3220352","NM_001103176","TATCCTCACTTATCGCCCAGGAGACACACTATCTAGCTGACAAGCTGTGCAGTGAAAAAT","Upregulated"
"COLEC10",10584,NA,0.309,1.118,1.0176037,1.1373162,13.28,"collectin subfamily member 10",15679,0.162,0.0786,1.815447,-5.236143,0.8167983,"A_23_P251486","NM_006438","CAATGATAAGATCTTTGAATCCAAGATGCCCAGATGTTTTACCAGTCACACCCTATGGCC","Upregulated"
"CTHRC1",115908,NA,0.0241,0.725,2.2558147,1.6345118,19.05,"collagen triple helix repeat containing 1",3738,0.0896,0.0364,2.181176,-4.573816,0.7656097,"A_23_P111888","NM_138455","CAAAGATGCGTTCAAATAGTGCTCTAAGAGTTTTGTTCAGTGGCTCACTTCGGCTAAAAT","Upregulated"
"CTHRC1",115908,NA,0.0241,0.725,2.2558147,1.6345118,19.05,"collagen triple helix repeat containing 1",48345,0.111,0.0479,2.05493,-4.813066,0.5018506,"A_23_P111888","NM_138455","CAAAGATGCGTTCAAATAGTGCTCTAAGAGTTTTGTTCAGTGGCTCACTTCGGCTAAAAT","Upregulated"
"CTHRC1",115908,NA,0.0241,0.725,2.2558147,1.6345118,19.05,"collagen triple helix repeat containing 1",40359,0.0652,0.0244,2.359444,-4.218178,0.8214928,"A_23_P111888","NM_138455","CAAAGATGCGTTCAAATAGTGCTCTAAGAGTTTTGTTCAGTGGCTCACTTCGGCTAAAAT","Upregulated"
"CTHRC1",115908,NA,0.0241,0.725,2.2558147,1.6345118,19.05,"collagen triple helix repeat containing 1",29834,0.00445,0.000858,3.668824,-1.102476,1.1460141,"A_23_P111888","NM_138455","CAAAGATGCGTTCAAATAGTGCTCTAAGAGTTTTGTTCAGTGGCTCACTTCGGCTAAAAT","Upregulated"
"CTHRC1",115908,NA,0.0241,0.725,2.2558147,1.6345118,19.05,"collagen triple helix repeat containing 1",39792,0.122,0.0541,1.998098,-4.917195,0.5323584,"A_23_P111888","NM_138455","CAAAGATGCGTTCAAATAGTGCTCTAAGAGTTTTGTTCAGTGGCTCACTTCGGCTAAAAT","Upregulated"
"CTHRC1",115908,NA,0.0241,0.725,2.2558147,1.6345118,19.05,"collagen triple helix repeat containing 1",6002,0.00492,0.000972,3.623493,-1.221747,1.1327231,"A_23_P111888","NM_138455","CAAAGATGCGTTCAAATAGTGCTCTAAGAGTTTTGTTCAGTGGCTCACTTCGGCTAAAAT","Upregulated"
"CTHRC1",115908,NA,0.0241,0.725,2.2558147,1.6345118,19.05,"collagen triple helix repeat containing 1",55382,0.288,0.167,1.412128,-5.849278,0.4772987,"A_23_P111888","NM_138455","CAAAGATGCGTTCAAATAGTGCTCTAAGAGTTTTGTTCAGTGGCTCACTTCGGCTAAAAT","Upregulated"
"CTHRC1",115908,NA,0.0241,0.725,2.2558147,1.6345118,19.05,"collagen triple helix repeat containing 1",20769,0.00738,0.0016,3.441476,-1.694164,0.9168054,"A_23_P111888","NM_138455","CAAAGATGCGTTCAAATAGTGCTCTAAGAGTTTTGTTCAGTGGCTCACTTCGGCTAAAAT","Upregulated"
"CTHRC1",115908,NA,0.0241,0.725,2.2558147,1.6345118,19.05,"collagen triple helix repeat containing 1",19829,0.0134,0.00334,3.165497,-2.388266,1.2058172,"A_23_P111888","NM_138455","CAAAGATGCGTTCAAATAGTGCTCTAAGAGTTTTGTTCAGTGGCTCACTTCGGCTAAAAT","Upregulated"
"CTHRC1",115908,NA,0.0241,0.725,2.2558147,1.6345118,19.05,"collagen triple helix repeat containing 1",55393,0.117,0.0516,2.020099,-4.877152,0.6530469,"A_23_P111888","NM_138455","CAAAGATGCGTTCAAATAGTGCTCTAAGAGTTTTGTTCAGTGGCTCACTTCGGCTAAAAT","Upregulated"
"DECR2",26063,NA,0.162,0.833,1.398037,1.164495,17.2,"2,4-dienoyl-CoA reductase 2",62267,0.419,0.278,1.104138,-6.225429,0.2663834,"A_33_P3393408","NM_020664","TGGCCTTCATCACAGGAGGCGGCTCTGGGATTGGGTTCCGGATTGCTGAGATTTTCATGC","Upregulated"
"DECR2",26063,NA,0.162,0.833,1.398037,1.164495,17.2,"2,4-dienoyl-CoA reductase 2",59650,0.000778,9.87e-05,4.43086,0.97818,0.4023962,"A_23_P100315","NM_020664","CATGGATCCCGAGACTTGTGTTCTCTTGGCTGAAAACACTGAGGTGCTCCCATCTGTGCG","Upregulated"
"DNAJA1P5",94236,NA,0.182,1.094,1.3339534,1.4591508,14.75,"DnaJ heat shock protein family (Hsp40) member A1 pseudogene 5",4704,0.0339,0.0107,-2.706474,-3.471278,-0.4638284,"A_33_P3807268","NR_033424","GGGACTGTAATCCTAATATGCTCACTACTTGCTATTGTTTTGGTTTTACTATTCAACTAG","Upregulated"
"EPPIN",57119,NA,0.242,1.078,1.1696611,1.2605581,8.36,"epididymal peptidase inhibitor",55675,0.493,0.347,-0.95454,-6.377323,-0.320706,"A_24_P134302","NM_020398","TCCAGGAATATTGTTATTGTTATCTTCCTCTGTTTCTACAAAAGATTGTAAAACCCTTTT","Upregulated"
"FBXW12",285231,NA,0.0674,0.726,1.8292659,1.3271555,15.98,"F-box and WD repeat domain containing 12",18567,0.00829,0.00185,3.387818,-1.831319,0.861186,"A_33_P3268686","NM_207102","TTCTCAAATCTGGTAACCCTCCCTCAGATGCATCTCGCCATCACTATGGATCGGAAAAAA","Upregulated"
"FBXW12",285231,NA,0.0674,0.726,1.8292659,1.3271555,15.98,"F-box and WD repeat domain containing 12",35489,0.414,0.273,1.115217,-6.213362,0.271974,"A_33_P3382606","NM_207102","TTTACCAGTGGACCATACTTGTTACTCTTCAGCATCACTGGCTTCCTGCTGCAACGATTT","Upregulated"
"FZD9",8326,NA,0.0909,0.748,1.6909277,1.2648617,12.79,"frizzled class receptor 9",15121,0.000819,0.000105,-4.40898,0.91685,-0.7991148,"A_23_P59613","NM_003508","AGGATGTGGAGGGGCGGGGCAGAGGGGTCCAGCCGGAGTTTATTTAATGATGTAATTTAT","Upregulated"
"GGH",8836,NA,0.00657,0.574,2.7177359,1.5595487,27.03,"gamma-glutamyl hydrolase",44855,0.023,0.00655,2.903937,-3.017461,0.6050444,"A_33_P3308105","NM_003878","CACAGATTCTTTTCTATAATGTGCCTGGCTCTGATTCTTCATTCTGTATGTGACTATTTA","Upregulated"
"GJA9",81025,NA,0.0172,0.479,2.3829775,1.1425703,25.31,"gap junction protein alpha 9",50808,0.238,0.13,-1.552788,-5.650351,-0.5579959,"A_23_P74828","NM_030772","TTGGCTTTTAGACATTATATATATTATCAGAGAAGTAGCCTAGTGGTCGTGGGGCACAGA","Upregulated"
"GLB1L",79411,NA,0.00613,0.58,2.7406904,1.5898872,27.29,"galactosidase beta 1 like",42436,0.567,0.423,0.811067,-6.503316,0.2042318,"A_23_P218579","NM_024506","GGACACATATCAATTCCCTTTCAGCTGATACACTGAGTGCCTCTGAACCAATGGAGTTAA","Upregulated"
"GPR88",54112,NA,0.0149,0.91,2.4355355,2.2156553,34.88,"G protein-coupled receptor 88",59311,0.0821,0.0327,-2.230501,-4.47745,-0.3343686,"A_33_P3380462","NM_022049","GAAGCGGAGATCCCCGGCTTCCGACGTCCTTGGGCACCGTCGCCTCCTTCCCTCCTAGGG","Upregulated"
"GPR88",54112,NA,0.0149,0.91,2.4355355,2.2156553,34.88,"G protein-coupled receptor 88",38658,0.00043,4.7e-05,4.686207,1.698817,1.3436068,"A_33_P3380457","NM_022049","CACCAACAATCAGCTGTCATTTTATTAATCTATCCCTTTTGTGCATGCACCATTTCTCTC","Upregulated"
"GRIK1-AS1",642976,NA,0.0998,0.975,1.6458252,1.6038577,12.45,"GRIK1 antisense RNA 1",59303,0.368,0.233,-1.215752,-6.098796,-0.346674,"A_33_P3279362","NR_027021","GAAAAATGCAGATAAGAAAATTAAAACCACAGACTCCTGGGCAGCGAACAAGAGCCTTCT","Upregulated"
"GRIK1-AS1",642976,NA,0.0998,0.975,1.6458252,1.6038577,12.45,"GRIK1 antisense RNA 1",12928,1.59e-05,7.14e-07,-6.110905,5.793462,-1.0203321,"A_33_P3353471","NR_027021","TTTCACTCTGGCATACTCTCTCAGTGTGGAAGCTGCTGATTCAGAAAGAGATGTTCCAAA","Upregulated"
"HDHD3",81932,NA,0.107,0.698,1.6135592,1.1264884,28.96,"haloacid dehalogenase like hydrolase domain containing 3",14793,0.21,0.11,1.641548,-5.516469,0.5084609,"A_23_P112548","NM_031219","CCCACAAGGCCTGGAAAGAGGTGATTGTTAGGTTGCGCAGAGGTGGTCTTATCCAGCTCA","Upregulated"
"HIF3A",64344,0.20068,0.000943,0.336,3.307017,1.1122121,262.86,"hypoxia inducible factor 3 subunit alpha",22479,0.000645,7.84e-05,4.509972,1.200525,1.5821255,"A_23_P142187","NM_022462","ACCCCCCAGCTTTCTTTCTACAGATGGTGCTACTCTTGGTCTCCCACAGGAAAAGGCCTC","Upregulated"
"HIF3A",64344,0.20068,0.000943,0.336,3.307017,1.1122121,262.86,"hypoxia inducible factor 3 subunit alpha",13401,1.7e-09,3.25e-12,10.683813,17.852647,1.9032682,"A_33_P3338152","AB118749","GCCCCCTCATACCCAGTCCCCAGATATTTCTCTCCCCATTTGCCCCCTTGGTGGCCCTGA","Upregulated"
"HIF3A",64344,0.20068,0.000943,0.336,3.307017,1.1122121,262.86,"hypoxia inducible factor 3 subunit alpha",16118,0.336,0.206,-1.290349,-6.007968,-0.3915465,"A_23_P338534","NM_022462","CACCGAGAATGTGCACAGACTCTTCACCTCCGGGAAAGACACTGAGGCAGTGGAGACAGA","Upregulated"
"IPMK",253430,NA,0.0112,0.512,2.537191,1.2996135,85.58,"inositol polyphosphate multikinase",39263,0.965,0.944,-0.070743,-6.832515,-0.0131691,"A_23_P380371","NM_152230","CTGTCAGACACAGAAGTACTAGAGTACAATAATAACTTTCATGTGTTAAGTTCCACAGCT","Upregulated"
"ITPRIPL2",162073,NA,0.00193,0.368,3.1015159,1.1403625,114.02,"ITPRIP like 2",28111,6.11e-07,9.81e-09,-7.605744,10.009015,-1.344555,"A_24_P835500","NM_001034841","TTCGTTTTCTCTTGCAGGTTGGAGTAAATTTGCACTTTGAATCATGTGGGTCATTTGGGG","Upregulated"
"KRT10",3858,NA,0.0782,0.775,1.761502,1.364354,26.18,"keratin 10",35558,0.446,0.303,-1.047489,-6.285378,-0.1135531,"A_23_P49975","NM_000421","GGTGTTTTGTGGTTTCCGTATTTCTTCTTTTCACTTTACCAGAAAGTGTTCTTTAATGGA","Upregulated"
"LINC00310",114036,NA,0.0501,0.914,1.9588265,1.7905009,10.94,"long intergenic non-protein coding RNA 310",3783,0.878,0.81,-0.242542,-6.805125,-0.0652139,"A_19_P00810529","NR_027267","TCTGAGTCTTCCACAAGATGCCCAAGACTTGTTAAACCCGTGGAATGTCTTTGGGTATGT","Upregulated"
"LINC00310",114036,NA,0.0501,0.914,1.9588265,1.7905009,10.94,"long intergenic non-protein coding RNA 310",18337,0.791,0.69,-0.403081,-6.752506,-0.1019586,"A_33_P3566443","NR_027267","CTAAAATGACACACCAACATGAAGACATGAACACAATTGCAAAGGGATTGGTTGGATTGC","Upregulated"
"LINC00310",114036,NA,0.0501,0.914,1.9588265,1.7905009,10.94,"long intergenic non-protein coding RNA 310",49526,0.103,0.0439,-2.096028,-4.736368,-0.7389894,"A_21_P0010310","NR_027266","AGGGCAAATGGAACCATTGAAAAGTACTTTTTGCATCCAAAACAGCCAACGCTTTGGTGC","Upregulated"
"LOC100131943",100131943,NA,0.0262,0.651,2.2239683,1.4485363,13.41,"uncharacterized LOC100131943",55318,0.00284,0.000495,-3.865923,-0.577119,-0.9459934,"A_24_P489164","AY358202","TCTGGGATTTCTGTTAGCTAGATCTCTCATAAATTCCAAGTCTTAGTTTGGGATGGAAAG","Upregulated"
"LOC114224",114224,NA,0.00368,0.472,2.9042321,1.3717527,31.9,"uncharacterized LOC114224",37484,0.0792,0.0312,-2.251566,-4.435815,-0.4546816,"A_33_P3538279","AF130079","CTTGGACTTGTGTGTCTCCTATCTACCATTAAACCCTTATGACTTAAGGTATATGTATAA","Upregulated"
"LRRC74B",400891,NA,0.198,0.912,1.2867392,1.1733854,24.54,"leucine rich repeat containing 74B",33282,0.737,0.62,0.500949,-6.707721,0.1394915,"A_23_P80200","NR_027006","ACAAGATCACGTGTCGCATGACCGCATTTATGTGAAACATCCGGAGTATGCAAATCTATA","Upregulated"
"LRRC74B",400891,NA,0.198,0.912,1.2867392,1.1733854,24.54,"leucine rich repeat containing 74B",57763,0.991,0.985,0.018776,-6.834885,0.0024328,"A_21_P0010462","NR_027006","TGCAACCCCAGGACAGTTAACCTGTAAGTCCCCTTCCTCAGCCTCAGACCTGGAGGTTTG","Upregulated"
"LRRC74B",400891,NA,0.198,0.912,1.2867392,1.1733854,24.54,"leucine rich repeat containing 74B",12741,0.0646,0.0241,2.364531,-4.207737,0.7135563,"A_33_P3228132","NR_027006","GCATTTTGTTCCTGACTAGCTTAACCCATTATCTTCCTGTTTCTGGAATTTATGATACAA","Upregulated"
"LRRD1",401387,NA,0.219,1.141,1.2289006,1.4016517,7.46,"leucine rich repeats and death domain containing 1",5218,3.94e-12,1.41e-15,-14.217778,25.295357,-1.6316,"A_33_P3420446","NM_001161528","TAACTGCTGCTGCTTTAAGAGATCAACTAATTCGAGCACTAACTATGATAGGAGCATATG","Upregulated"
"LRRD1",401387,NA,0.219,1.141,1.2289006,1.4016517,7.46,"leucine rich repeats and death domain containing 1",2975,0.0526,0.0186,2.476905,-3.973099,0.7764006,"A_33_P3232319","NM_001161528","GCTTTAAGAGATCAACTAATTCGAGCACTAACTATGATAGGAGCATATGAAATTATGGAC","Upregulated"
"LY96",23643,NA,0.0362,0.804,2.0949421,1.6833638,13.41,"lymphocyte antigen 96",26856,8.07e-05,5.75e-06,-5.401173,3.74784,-1.3094579,"A_23_P94230","NM_015364","TGAAGCTATTTCTGGGAGCCCAGAAGAAATGCTCTTTTGCTTGGAGTTTGTCATCCTACA","Upregulated"
"LYVE1",10894,NA,0.0141,0.543,2.4548085,1.331749,52.04,"lymphatic vessel endothelial hyaluronan receptor 1",51617,0.0431,0.0145,-2.582366,-3.746193,-0.8703524,"A_23_P150457","NM_006691","CTCTGTAAAGCTAAAATAAAGAAATAGAACAAGGCTGAGGATACGACAGTACACTGTCAG","Upregulated"
"MDFIC",29969,NA,0.00606,0.412,2.7446087,1.1316391,67.49,"MyoD family inhibitor domain containing",62934,4.08e-06,1.17e-07,-6.734049,7.57339,-0.7494641,"A_23_P327022","NM_199072","TTATGATTTCTTAATGTAAAATGTTTTGTTGAAGTATATGGCTATCATGACTAAGTGCTA","Upregulated"
"MDFIC",29969,NA,0.00606,0.412,2.7446087,1.1316391,67.49,"MyoD family inhibitor domain containing",20475,0.00561,0.00114,3.56473,-1.375427,0.4049825,"A_21_P0000063","NM_001166346","GTGACCAGTAGCTTTGGAATGGCTTATGCTTGTTTTCAATAACTGGTTTGTTTTGAAATA","Upregulated"
"MORN5",254956,NA,0.207,0.981,1.2622052,1.2383455,7.87,"MORN repeat containing 5",33861,0.312,0.186,1.351723,-5.929587,0.3414747,"A_24_P401491","NM_198469","TTCTATAACCCAGTCACGAGGGTAGTCAAGGACTATAGGAACCGCTTTCTAAGAAACGCA","Upregulated"
"MOSPD3",64598,NA,0.108,0.818,1.60751,1.3151961,20.35,"motile sperm domain containing 3",53227,0.459,0.314,-1.022404,-6.310981,-0.1534118,"A_23_P111492","NM_023948","ATTCCCAGCCACTATGATGTCCAGGACCGCTTCCGCATTGAGCTGTCTGAGGAAGGAGCT","Upregulated"
"MOSPD3",64598,NA,0.108,0.818,1.60751,1.3151961,20.35,"motile sperm domain containing 3",54907,0.314,0.188,1.345253,-5.938004,0.1444445,"A_33_P3321946","NM_023948","CTCCCTGACAAAAAACACCCAGGGATTTGTACTCATTTTCCAAGTTGAATAAAATACATT","Upregulated"
"MS4A14",84689,NA,0.00565,0.556,2.7675631,1.5390291,46.59,"membrane spanning 4-domains A14",55624,0.000415,4.49e-05,-4.701668,1.742707,-1.2103635,"A_23_P98565","NM_032597","CAAGACACATGTTTAGCCTATTTGTCCAATCTAGATTCAGAACAAGATGTGCAACCAGAC","Upregulated"
"MS4A14",84689,NA,0.00565,0.556,2.7675631,1.5390291,46.59,"membrane spanning 4-domains A14",51269,0.492,0.346,-0.956256,-6.375699,-0.3490095,"A_33_P3290577","NM_032597","ATATTACCTGAAGCCTCAACATCCCATATTGTGCAGTTCCCTGAAATACAACACCTACTT","Upregulated"
"NPSR1-AS1",404744,NA,0.216,0.978,1.2376126,1.2103416,16.87,"NPSR1 antisense RNA 1",43687,0.208,0.109,1.649681,-5.503885,0.471094,"A_33_P3232403","NR_015356","GAGTATGTGGTTTCTCATCTGTAAAACAGAGAAAGATGATTATCTCCCAATCTTTCTATG","Upregulated"
"NPSR1-AS1",404744,NA,0.216,0.978,1.2376126,1.2103416,16.87,"NPSR1 antisense RNA 1",47244,0.092,0.0377,-2.166318,-4.602529,-0.9440564,"A_33_P3338172","NR_033665","GGGGTAGATGATATTTTTACAACCTCCATTTTACAGATGAAGAAACTGAAGCATAGACCT","Upregulated"
"NQO1",1728,NA,0.00502,0.396,2.8060335,1.1120075,106.8,"NAD(P)H quinone dehydrogenase 1",51824,0.511,0.364,-0.920221,-6.409233,-0.1828047,"A_23_P206661","NM_000903","GTTTATATACAGTACACAGATACCTTGAAAGGAAGAGCTAATAAATCTCTTCTTTGCTGC","Upregulated"
"NUF2",83540,NA,0.231,1.016,1.198945,1.2184716,8.85,"NUF2 component of NDC80 kinetochore complex",13877,0.0686,0.026,2.331427,-4.2754,0.6844886,"A_23_P74349","NM_145697","AAACTGCTTTGGAGAAATACCACGACGGTATTGAAAAGGCAGCAGAGGACTCCTATGCTA","Upregulated"
"PI15",51050,NA,0.063,0.606,1.8592071,1.1275327,52.52,"peptidase inhibitor 15",544,0.257,0.143,1.498837,-5.728596,0.3885708,"A_33_P3254096","NM_015886","CCTGTGTAAACCTCTGTCCTTATGAACCATAACAAATGTAGCTTTTTAAAGTCCATTGTA","Upregulated"
"PTP4A3",11156,NA,0.00309,0.48,2.9584439,1.4188452,50.92,"protein tyrosine phosphatase 4A3",17788,5.33e-07,8.35e-09,-7.663496,10.16756,-1.0603891,"A_23_P112774","NM_032611","TCCCACACCAGCCAGGCTGGTCTCCTCTAGCCTGTTTGTTGTGGGGTGGGGGTATATTTT","Upregulated"
"PTP4A3",11156,NA,0.00309,0.48,2.9584439,1.4188452,50.92,"protein tyrosine phosphatase 4A3",21393,1.81e-06,4.06e-08,-7.102769,8.612777,-1.0405823,"A_33_P3315906","NM_032611","TTCAAAGACCCACACACGCACAAGACCCGGTGCTGCGTTATGTAGCTCAGGACCTTGGCT","Upregulated"
"RPUSD3",285367,NA,0.0451,0.561,2.0041399,1.1238135,39.47,"RNA pseudouridine synthase D3",44980,0.994,0.99,0.012244,-6.834988,0.0019153,"A_23_P255916","NM_173659","TGTCAAGAAGACTCTCAGTCACTTTCGTGTGGTAGCCACAGGCTCTGGCTGTGCCCTGGT","Upregulated"
"SHCBP1",79801,NA,0.18,0.842,1.3416572,1.1292115,25.09,"SHC binding and spindle associated 1",2518,0.0414,0.0138,2.603559,-3.69984,0.9338313,"A_32_P96719","NM_024745","ATTATTGAGACGTCAATGGGACGCATTTTTCTGTTGAGCTATGCAGTCGTCAAAACAGCG","Upregulated"
"SHOC1",158401,NA,0.000328,0.355,3.5920389,1.2746454,121.52,"shortage in chiasmata 1",31163,0.793,0.692,-0.399694,-6.753884,-0.1263714,"A_32_P341615","NM_173521","AAAGAGATCTTACTAACAAGCATGGAATTGAGGATATCGGGGATATAAAATTCAGCTCCA","Upregulated"
"SLC7A2",6542,0.26,0.00154,0.452,3.1669705,1.4314951,227.89,"solute carrier family 7 member 2",1886,0.00038,4.02e-05,-4.739421,1.849988,-1.2815152,"A_33_P3316539","NM_001008539","ATTCTATGTCTGTAAAAACCAACAAAGGCATTGGACTTGTGTGAATGTACAGGGTTTTTT","Upregulated"
"SLIT1-AS1",100505540,NA,0.0263,1.007,2.2215124,2.2369129,14.17,"SLIT1 antisense RNA 1",1399,0.889,0.826,0.2218,-6.810023,0.0858078,"A_21_P0000767","NR_038330","GAACCCTCTGGGAATGAAGTACCTTCTAACAAAAACATTGTTCAAAATAAAGCTGGAAAA","Upregulated"
"SPATA12",353324,NA,0.0468,0.829,1.9884665,1.648305,13.56,"spermatogenesis associated 12",1582,0.259,0.145,1.493641,-5.736004,0.7119111,"A_24_P220472","NM_181727","TCCTGATCCCCGATCCTATACATTTTCATCTCTTTATTGTTTCTATCAAAGCCTGCTAAG","Upregulated"
"SPN",6693,NA,0.0456,0.571,1.9991713,1.1424808,27.09,"sialophorin",17515,0.57,0.425,0.807161,-6.506472,0.2590588,"A_33_P3404706","NM_001030288","AGATAGAGCAAGGAACAGTAAGAAAATAGTTGGGTGCAGTGGCTATGCGGTGGCACTATA","Upregulated"
"STK17B",9262,NA,0.00978,0.455,2.5834072,1.1761322,104.95,"serine/threonine kinase 17b",25772,0.877,0.808,0.245412,-6.804413,0.0457969,"A_33_P3342957","NM_004226","TTTCGTTTCGATGACTCATTACCCAATCCCCATGAACTTGTTTCAGATTTGCTCTGTTAG","Upregulated"
"STK17B",9262,NA,0.00978,0.455,2.5834072,1.1761322,104.95,"serine/threonine kinase 17b",52139,0.975,0.959,-0.051792,-6.833698,-0.0155841,"A_33_P3371650","BC052561","CACTTTCACTTAATCGTTAAATTGCCTTAAAATTGCATGCATAGTATATTGTAATTCACA","Upregulated"
"STK17B",9262,NA,0.00978,0.455,2.5834072,1.1761322,104.95,"serine/threonine kinase 17b",25217,0.181,0.0909,1.742068,-5.357285,0.5708197,"A_24_P636882","NM_004226","TTTTCAGTTTGATATCTTGTCCTTATTCAATTGTTGTATAAACAACTGTACTTTAATTTC","Upregulated"
"SUSD3",203328,NA,0.0432,0.967,2.0213371,1.9540133,15.99,"sushi domain containing 3",1275,0.734,0.616,0.505731,-6.705288,0.1339152,"A_23_P401076","NM_145006","TGGCCTCCCACTAACTAGCATTCCTTTAAAGAGACTGGGAAATGTTTTAAGCAAATCTAG","Upregulated"
"TBC1D26",353149,NA,0.0809,0.685,1.7453022,1.1951106,23.67,"TBC1 domain family member 26",44514,0.982,0.969,-0.03855,-6.834308,-0.0081775,"A_24_P168994","NM_178571","ACCTTCCTGCCCAAAAAAGGAGGAACGAGGGTCAACCAGCAGCAGACCAGTCACAAAAAG","Upregulated"
"TMEM81",388730,NA,0.0595,0.598,1.8841519,1.1264098,18.03,"transmembrane protein 81",11833,0.128,0.0575,1.968285,-4.970908,0.6342975,"A_23_P46690","NM_203376","TGCAGCTGGTAAAAAACTTGAGACTTGTCAAGAGGCTCTATTTTGGGTTGAGGGTCCTTC","Upregulated"
"TPBG",7162,NA,0.0108,0.701,2.5490121,1.7865058,23.28,"trophoblast glycoprotein",26509,0.00159,0.00024,4.121394,0.11825,1.6215189,"A_23_P59261","NM_006670","CAGTGAAGGGGATTTGCTTCCTTGTTATGTAAAGTTTCTCGGTGTGTTCTGTTAATGTAA","Upregulated"
"UBE2T",29089,NA,0.258,0.991,1.1312145,1.1213937,17.44,"ubiquitin conjugating enzyme E2 T",48113,0.00482,0.000946,3.633071,-1.196596,1.1911588,"A_23_P115482","NM_014176","TAGGGGACTTGTCCTGGTTCATCTTAGTTAATGTGTTCTTTGCCAAGGTGATCTAAGTTG","Upregulated"
"ZNF674-AS1",401588,NA,0.0676,0.636,1.8273766,1.1619373,17.47,"ZNF674 antisense RNA 1 (head to head)",15896,0.272,0.155,1.456696,-5.788035,0.1991994,"A_24_P256654","NR_015378","AGTGTGAATTTTCTAATGCTGAGTAAGTTGTGATCCAGAAGTAAATGTATCTGCAAGCTG","Upregulated"
"ZNF837",116412,NA,0.189,0.919,1.3133305,1.206309,18.8,"zinc finger protein 837",30107,0.0786,0.0309,2.256196,-4.426626,0.2938458,"A_33_P3411427","NM_001129730","AGGGGCCTTTGTCCCGGAAAACCCACCAACGTTTGTAACTTTGATTAAACTTCACTTTGT","Upregulated"
